{
    "objects": [
        {
            "objNum": 0,
            "objId": 216,
            "objDist": 380,
            "angle": 3368,
            "speed": 0,
            "objContour": {
                "x": -1.4969787597656250e+02,
                "y": 3.4927145385742188e+02
            }
        },
        {
            "objNum": 1,
            "objId": 232,
            "objDist": 1147,
            "angle": 125,
            "speed": 0,
            "objContour": {
                "x": 2.4825624084472656e+02,
                "y": 1.1198115234375000e+03
            }
        },
        {
            "objNum": 2,
            "objId": 220,
            "objDist": 1565,
            "angle": 265,
            "speed": 0,
            "objContour": {
                "x": 6.9829962158203125e+02,
                "y": 1.4005722656250000e+03
            }
        }
    ]
}
