{
    "objects": [
        {
            "objNum": 0,
            "objId": 185,
            "objDist": 2770,
            "angle": 4,
            "speed": 0,
            "objContour": {
                "x": 1.9338090896606445e+01,
                "y": 2.7699326171875000e+03
            }
        },
        {
            "objNum": 2,
            "objId": 72,
            "objDist": 1905,
            "angle": 72,
            "speed": 0,
            "objContour": {
                "x": 2.3875981140136719e+02,
                "y": 1.8899785156250000e+03
            }
        },
        {
            "objNum": 3,
            "objId": 18,
            "objDist": 2268,
            "angle": 3549,
            "speed": 0,
            "objContour": {
                "x": -2.0161187744140625e+02,
                "y": 2.2590212402343750e+03
            }
        },
        {
            "objNum": 4,
            "objId": 40,
            "objDist": 2850,
            "angle": 68,
            "speed": 0,
            "objContour": {
                "x": 3.3745132446289062e+02,
                "y": 2.8299516601562500e+03
            }
        }
    ]
}
