{
    "objects": [
        {
            "objNum": 7,
            "objId": 307,
            "objDist": 693,
            "angle": 438,
            "speed": 0,
            "objContour": {
                "x": 4.7965524291992188e+02,
                "y": 5.0017984008789062e+02
            }
        }
    ]
}
